   ,   ,   ,   ,u62,e07,   ,   ,   ,   ,   ,   ,   ,   ,   ,   
   ,   ,   ,   ,   ,p59,   ,   ,   ,   ,   ,   ,   ,   ,   ,   
   ,   ,   ,   ,   ,p60,   ,   ,   ,   ,   ,   ,   ,   ,   ,   
p06,e01,p05,u15,   ,u63,   ,   ,   ,   ,   ,   ,   ,   ,   ,   
p09,p10,p07,p08,   ,   ,   ,u60,e06,   ,   ,   ,   ,   ,   ,   
p11,p12,u19,p13,   ,   ,   ,p56,u61,   ,   ,   ,   ,   ,   ,   
u14,u10,u09,u06,   ,   ,   ,p57,u58,   ,   ,   ,   ,   ,   ,   
u13,u11,u08,p14,   ,   ,   ,p58,u59,   ,   ,   ,u54,u53,e05,p42
p15,p16,p17,u12,   ,   ,   ,   ,   ,   ,   ,   ,p43,u52,p44,u57
u07,u16,u18,p18,   ,   ,e02,p19,p20,u24,   ,   ,u56,u44,p45,u46
   ,   ,   ,u17,   ,   ,u27,p21,u28,u23,   ,   ,p46,u51,u45,u47
   ,   ,   ,   ,   ,   ,p22,u20,p23,p24,   ,   ,p47,p48,u50,u48
u32,e03,p28,   ,   ,   ,p26,p25,u22,u21,   ,   ,p50,p51,u49,p49
   ,p29,u29,   ,   ,   ,   ,u26,p27,u25,   ,   ,u55,p52,p53,p54
   ,p31,p30,   ,   ,   ,   ,   ,   ,   ,   ,   ,p55,   ,   ,   
   ,u30,u31,   ,   ,   ,   ,u01,u02,u03,   ,   ,   ,   ,   ,   
   ,   ,   ,   ,   ,   ,   ,u05,p01,u04,   ,   ,   ,   ,   ,   
   ,   ,p32,p33,u39,u38,   ,   ,p02,p03,   ,   ,   ,   ,   ,   
   ,   ,   ,p35,u34,u33,   ,   ,p04,   ,   ,   ,   ,   ,   ,   
   ,   ,   ,p34,p37,u35,   ,   ,   ,   ,   ,   ,   ,   ,   ,   
   ,   ,   ,u36,p37,u37,   ,   ,e04,u40,u43,   ,   ,   ,   ,   
   ,   ,   ,   ,   ,   ,   ,   ,   ,p40,p38,   ,   ,   ,   ,   
   ,   ,   ,   ,   ,   ,   ,   ,   ,u41,p39,   ,   ,   ,   ,   
   ,   ,   ,   ,   ,   ,   ,   ,   ,u42,p41,   ,   ,   ,   ,   
